<ImportExportXml xmlns:xsi="http://www.w3.org/2001/XMLSchema-instance">
  <Entities></Entities>
  <Roles></Roles>
  <Workflows></Workflows>
  <FieldSecurityProfiles></FieldSecurityProfiles>
  <Templates />
  <EntityMaps />
  <EntityRelationships />
  <OrganizationSettings />
  <optionsets />
  <CustomControls />
  <EntityDataProviders />
  <CanvasApps>
    <CanvasApp>
      <Name>cr4d9_timelinebar_c2e8a</Name>
      <AppVersion>2022-09-05T10:01:14Z</AppVersion>
      <Status>Ready</Status>
      <CreatedByClientVersion>3.22084.15.0</CreatedByClientVersion>
      <MinClientVersion>3.22084.15.0</MinClientVersion>
      <Tags>{"primaryDeviceWidth":"1366","primaryDeviceHeight":"130","supportsPortrait":"true","supportsLandscape":"true","primaryFormFactor":"Phone","publisherVersion":"3.22084.15","minimumRequiredApiVersion":"2.2.0","hasComponent":"true","hasUnlockedComponent":"true","isUnifiedRootApp":"false"}</Tags>
      <IsCdsUpgraded>0</IsCdsUpgraded>
      <GalleryItemId xsi:nil="true"></GalleryItemId>
      <BackgroundColor>RGBA(251,101,60,255)</BackgroundColor>
      <DisplayName>Timelinebar</DisplayName>
      <Description xsi:nil="true"></Description>
      <CommitMessage xsi:nil="true"></CommitMessage>
      <Publisher xsi:nil="true"></Publisher>
      <AuthorizationReferences>[]</AuthorizationReferences>
      <ConnectionReferences>{}</ConnectionReferences>
      <DatabaseReferences>{}</DatabaseReferences>
      <AppComponents>[{"appComponentName":"dd7debd93b214edfaf807ee2fa660da1","displayName":"ProgressIndicator","appName":"ae9b5b16-60fc-4762-975c-5282a7b1cb19","appVersion":"2022-09-05T10:01:14Z","appComponentLibraryLogicalName":"cr4d9_timelinebar_c2e8a","appDisplayName":"Timelinebar","environmentName":"default-b3f4f7c2-72ce-4192-aba4-d6c7719b5766","owner":{"id":"553c3e45-1c82-4e9a-bf75-2c64c8a05834","displayName":"Prashan BISWAL","email":"prashan.biswal@amadeus.com","type":"User","tenantId":"b3f4f7c2-72ce-4192-aba4-d6c7719b5766","userPrincipalName":"prashan.biswal@amadeus.com"},"allowCustomization":true,"createdOn":"2022-09-05T10:01:11.21Z","lastModifiedOn":"2022-09-05T10:01:11.21Z","connectionReferences":{},"databaseReferences":{}}]</AppComponents>
      <AppComponentDependencies>[]</AppComponentDependencies>
      <CanConsumeAppPass>1</CanConsumeAppPass>
      <CanvasAppType>1</CanvasAppType>
      <BypassConsent>0</BypassConsent>
      <AdminControlBypassConsent>0</AdminControlBypassConsent>
      <EmbeddedApp xsi:nil="true"></EmbeddedApp>
      <IntroducedVersion>1.0</IntroducedVersion>
      <CdsDependencies>{"cdsdependencies":[]}</CdsDependencies>
      <IsCustomizable>1</IsCustomizable>
      <BackgroundImageUri>/CanvasApps/cr4d9_timelinebar_c2e8a_BackgroundImageUri</BackgroundImageUri>
      <DocumentUri>/CanvasApps/cr4d9_timelinebar_c2e8a_DocumentUri.msapp</DocumentUri>
    </CanvasApp>
    <CanvasApp>
      <Name>ama_arpapipeline_8a2f9</Name>
      <AppVersion>2022-09-27T08:20:52Z</AppVersion>
      <Status>Ready</Status>
      <CreatedByClientVersion>3.22091.11.0</CreatedByClientVersion>
      <MinClientVersion>3.22091.11.0</MinClientVersion>
      <Tags>{"primaryDeviceWidth":"1366","primaryDeviceHeight":"768","supportsPortrait":"false","supportsLandscape":"true","primaryFormFactor":"Tablet","publisherVersion":"3.22091.11","minimumRequiredApiVersion":"2.2.0","hasComponent":"true","hasUnlockedComponent":"true","isUnifiedRootApp":"false","sienaVersion":"20220922T073236Z-3.22091.11.0"}</Tags>
      <IsCdsUpgraded>0</IsCdsUpgraded>
      <GalleryItemId xsi:nil="true"></GalleryItemId>
      <BackgroundColor>RGBA(0,176,240,1)</BackgroundColor>
      <DisplayName>ARPA-Pipeline</DisplayName>
      <Description xsi:nil="true"></Description>
      <CommitMessage xsi:nil="true"></CommitMessage>
      <Publisher xsi:nil="true"></Publisher>
      <AuthorizationReferences>[]</AuthorizationReferences>
      <ConnectionReferences>{"67e54f83-6650-4d53-8103-76df4962affe":{"id":"/providers/microsoft.powerapps/apis/shared_sharepointonline","displayName":"SharePoint","iconUri":"https://connectoricons-prod.azureedge.net/releases/v1.0.1591/1.0.1591.2961/sharepointonline/icon.png","dataSources":["ARPA Service manager list"],"dependencies":[],"dependents":[],"parameterHints":{},"parameterHintsV2":{},"isOnPremiseConnection":false,"bypassConsent":false,"dataSets":{},"apiTier":"Standard","actions":["providers/PowerPlatform.Governance/Operations/Read","providers/PowerPlatform.Governance/Operations/Write"]},"482b78f9-a410-434e-960f-e457babb2458":{"id":"/providers/microsoft.powerapps/apis/shared_sharepointonline","displayName":"SharePoint","iconUri":"https://connectoricons-prod.azureedge.net/releases/v1.0.1591/1.0.1591.2961/sharepointonline/icon.png","dataSources":["ARPA Service manager list"],"dependencies":[],"dependents":[],"parameterHints":{},"parameterHintsV2":{},"isOnPremiseConnection":false,"bypassConsent":false,"dataSets":{"https://amadeusworkplace.sharepoint.com/sites/RPAProgram":{"dataSources":{"ARPA Service manager list":{"tableName":"3e7d6611-daae-46e1-9a49-1d85dd1268d3"}}}},"apiTier":"Standard","actions":["providers/PowerPlatform.Governance/Operations/Read","providers/PowerPlatform.Governance/Operations/Write"]},"dcb4e59e-f44c-4d4e-a704-8685c0088193":{"id":"/providers/microsoft.powerapps/apis/shared_sharepointonline","displayName":"SharePoint","iconUri":"https://connectoricons-prod.azureedge.net/releases/v1.0.1591/1.0.1591.2961/sharepointonline/icon.png","dataSources":["Var_ARPA_List"],"dependencies":[],"dependents":[],"parameterHints":{},"parameterHintsV2":{},"isOnPremiseConnection":false,"bypassConsent":false,"dataSets":{"https://amadeusworkplace.sharepoint.com/sites/RPAProgram/":{"datasetOverride":{"name":"https://amadeusworkplace.sharepoint.com/sites/RPAProgram/","environmentVariableName":"ama_Var_ARPA_Site"},"dataSources":{"Var_ARPA_List":{"tableName":"4e2000a3-9cf4-4570-bbd6-3d0d87921a0e","tableNameOverride":{"name":"4e2000a3-9cf4-4570-bbd6-3d0d87921a0e","environmentVariableName":"ama_Var_ARPA_List"}}}}},"apiTier":"Standard","actions":["providers/PowerPlatform.Governance/Operations/Read","providers/PowerPlatform.Governance/Operations/Write"]}}</ConnectionReferences>
      <DatabaseReferences>{}</DatabaseReferences>
      <AppComponents>[]</AppComponents>
      <AppComponentDependencies>[]</AppComponentDependencies>
      <CanConsumeAppPass>1</CanConsumeAppPass>
      <CanvasAppType>0</CanvasAppType>
      <BypassConsent>0</BypassConsent>
      <AdminControlBypassConsent>0</AdminControlBypassConsent>
      <EmbeddedApp xsi:nil="true"></EmbeddedApp>
      <IntroducedVersion>1.0</IntroducedVersion>
      <CdsDependencies>{"cdsdependencies":[{"logicalname":"ama_Var_ARPA_Site","componenttype":380,"componenttypeplatformname":"EnvironmentVariableDefinition"},{"logicalname":"ama_Var_ARPA_List","componenttype":380,"componenttypeplatformname":"EnvironmentVariableDefinition"}]}</CdsDependencies>
      <IsCustomizable>1</IsCustomizable>
      <BackgroundImageUri>/CanvasApps/ama_arpapipeline_8a2f9_BackgroundImageUri</BackgroundImageUri>
      <DocumentUri>/CanvasApps/ama_arpapipeline_8a2f9_DocumentUri.msapp</DocumentUri>
    </CanvasApp>
  </CanvasApps>
  <Languages>
    <Language>1033</Language>
  </Languages>
</ImportExportXml>